5.809549663,66,528,528,90.8848414469609,1,1,87808,0,1425971275,7460339,TCP
5.819505996,66,528,1056,181.458701258463,1,518,43008,0,7460351,1425971275,TCP
5.822627552,66,528,1584,272.042129752214,518,288,88832,0,1425971279,7460351,TCP
5.874255885,66,528,2112,359.534899627547,288,569,43008,0,7460406,1425971279,TCP
5.882618496,66,528,2640,448.779740143801,288,728,43008,0,7460415,1425971292,TCP
5.914874311,66,528,3168,535.598870479532,1,1,87808,0,1425971302,1852774893,TCP
5.925670441,66,528,3696,623.72689078812,1,556,66816,0,1852774906,1425971304,TCP
5.930931589,66,528,4224,712.198401990369,556,219,88832,0,1425971306,1852774909,TCP
5.948404015,1466,11728,15952,2681.72773062725,620,219,88832,1400,1425971308,1852774909,TCP
5.950535774,66,528,16480,2769.49851675659,219,2020,69632,0,1852774931,1425971307,TCP
5.957712292,66,528,17008,2854.78706698178,887,655,90880,0,1425971310,7460425,TCP
5.968054811,66,528,17536,2938.31081572485,219,2488,72448,0,1852774948,1425971311,TCP
6.431963477,66,528,18064,2808.47365887491,2488,995,90368,0,1425971431,1852775228,TCP
6.489087977,66,528,18592,2865.11757367102,1,1,87808,0,1425971445,813710187,TCP
6.492029477,66,528,19120,2945.14990539375,1,556,66816,0,813710193,1425971445,TCP
6.497837329,66,528,19648,3023.77529709932,556,219,88832,0,1425971447,813710197,TCP
6.502839162,1466,11728,31376,4824.96940464849,620,219,88832,1400,1425971448,813710197,TCP
6.503164533,1466,11728,43104,6628.15768865616,2020,219,88832,1400,1425971448,813710197,TCP
6.505188218,66,528,43632,6707.26173291486,219,2020,69632,0,813710206,1425971447,TCP
6.510606866,66,528,44160,6782.77784373903,219,3488,72448,0,813710212,1425971448,TCP
6.848085792,66,528,44688,6525.61918137839,3488,995,90368,0,1425971535,813710496,TCP
6.868168829,66,528,45216,6583.41417134084,1,1,87808,0,1425971540,2862692689,TCP
6.872858366,66,528,45744,6655.74606139061,1,556,66816,0,2862692695,1425971541,TCP
6.878941384,66,528,46272,6726.61641042993,556,219,88832,0,1425971543,2862692698,TCP
6.886099736,66,528,46800,6796.30005289252,219,620,66816,0,2862692709,1425971543,TCP
6.895925144,66,528,47328,6863.1835485017,219,1470,68352,0,2862692718,1425971546,TCP
7.282534366,66,528,47856,6571.33871189479,1470,973,90368,0,1425971644,2862692997,TCP
22.174461968,78,624,48480,2186.29881843183,1,79,411,0,1425975364,2593871041,TCP
22.183847246,66,528,49008,2209.17496665673,79,2,181,0,2593871102,1425975365,TCP
25.956698780,66,528,49536,1908.40909392408,919,656,90880,0,1425976312,7480485,TCP
25.957556577,66,528,50064,1928.68692596282,656,919,43008,0,7480489,1425976305,TCP
26.008333743,66,528,50592,1945.22265439694,1,1,87808,0,1425976325,7480522,TCP
26.015263262,66,528,51120,1965.00029560224,1,518,43008,0,7480547,1425976325,TCP
26.017611725,66,528,51648,1985.11687182925,518,288,88832,0,1425976327,7480547,TCP
26.066756725,66,528,52176,2001.62991316673,288,569,43008,0,7480598,1425976327,TCP
26.076963577,66,528,52704,2021.09420617074,288,728,43008,0,7480608,1425976340,TCP
26.126017169,66,528,53232,2037.5091869404,728,419,89856,0,1425976354,7480608,TCP
28.349485186,66,528,53760,1896.33073219081,887,551,90880,0,1425976910,7482878,TCP
28.399016594,66,528,54288,1911.61548923035,1046,675,90880,0,1425976923,7482888,TCP
29.977883278,86,688,54976,1833.88531772507,1,1,86528,0,1425977317,1126902280,TCP
29.979219130,86,688,55664,1856.75283130698,1,573,57344,0,1126902284,1425977317,TCP
29.982426278,1434,11472,67136,2239.17835659824,2049,573,65536,1348,1126902287,1425977317,TCP
29.988301723,86,688,67824,2261.68192605523,573,1349,89344,0,1425977319,1126902287,TCP
29.988379926,86,688,68512,2284.61824777003,573,2049,91904,0,1425977319,1126902287,TCP
29.988458185,86,688,69200,2307.55444555043,573,3397,94720,0,1425977320,1126902287,TCP
29.988535926,86,688,69888,2330.49056387602,573,4271,97280,0,1425977320,1126902287,TCP
30.028685334,66,528,70416,2344.95780340645,1841,1512,96256,0,1425977328,7484508,TCP
30.047425797,98,784,71200,2369.58734771578,1390,4830,100096,0,1425977334,1126902349,TCP
30.047935037,1434,11472,82672,2751.33715172775,18009,1390,65536,1348,1126902353,1425977331,TCP
30.049125667,86,688,83360,2774.12397697635,1390,6178,102656,0,1425977335,1126902351,TCP
30.049205778,86,688,84048,2797.01236102334,1390,7526,105472,0,1425977335,1126902351,TCP
30.049284204,86,688,84736,2819.90078115473,1390,8493,108032,0,1425977335,1126902351,TCP
30.049361945,86,688,85424,2842.7891466166,1390,9841,110848,0,1425977335,1126902351,TCP
30.049439685,86,688,86112,2865.67739374472,1390,11189,113408,0,1425977335,1126902351,TCP
30.049639537,86,688,86800,2888.55378425167,1390,12537,116224,0,1425977335,1126902351,TCP
30.052214852,86,688,87488,2911.1997378848,1390,12589,116224,0,1425977335,1126902351,TCP
30.052293093,86,688,88176,2934.08558631882,1390,13937,118784,0,1425977335,1126902351,TCP
30.052370778,86,688,88864,2956.9713702938,1390,15285,121600,0,1425977336,1126902351,TCP
30.052448593,86,688,89552,2979.85702305998,1390,16633,124160,0,1425977336,1126902351,TCP
30.054922574,86,688,90240,3002.50315993378,1390,17981,126976,0,1425977336,1126902351,TCP
30.055000871,86,688,90928,3025.38670320706,1390,18009,126976,0,1425977336,1126902351,TCP
30.055078445,86,688,91616,3048.27020058041,1390,19357,129536,0,1425977336,1126902353,TCP
30.055155741,86,688,92304,3071.15360823377,1390,20705,132352,0,1425977336,1126902353,TCP
30.055351574,86,688,92992,3094.02469543709,1390,22053,135168,0,1425977336,1126902353,TCP
30.055429741,86,688,93680,3116.90768713936,1390,23401,137728,0,1425977336,1126902353,TCP
30.055507445,86,688,94368,3139.79060818349,1390,24749,140544,0,1425977336,1126902353,TCP
30.055592593,86,688,95056,3162.67262759406,1390,26097,143104,0,1425977337,1126902353,TCP
30.055950445,86,688,95744,3185.52561414432,1390,26201,143104,0,1425977337,1126902353,TCP
30.056028797,86,688,96432,3208.40789218385,1390,27549,145920,0,1425977337,1126902353,TCP
30.056106260,86,688,97120,3231.29014649684,1390,28897,148480,0,1425977337,1126902353,TCP
30.056183908,86,688,97808,3254.1722628323,1390,30245,151296,0,1425977337,1126902353,TCP
30.056382463,86,688,98496,3277.04107842155,1390,30969,153856,0,1425977337,1126902353,TCP
30.059399371,86,688,99184,3299.60019413057,1390,31000,153856,0,1425977337,1126902353,TCP
30.104875130,86,688,99872,3317.46933241639,2,2,385,0,1425977341,976118104,TCP
30.104958204,86,688,100560,3340.31355627787,2,2,385,0,1425977341,3791420554,TCP
30.705972685,86,688,101248,3297.33895873164,31000,3085,65536,0,1126903011,1425977495,TCP
30.720217518,1434,11472,112720,3669.24485264317,64716,3307,65536,1348,1126903025,1425977499,TCP
30.720232889,1434,11472,124192,4042.67768570431,66064,3307,65536,1348,1126903025,1425977499,TCP
30.720346907,1434,11472,135664,4416.0959643684,72268,3307,65536,1348,1126903025,1425977499,TCP
30.720370241,2782,22256,157920,5140.56304533846,73616,3307,65536,2696,1126903025,1425977499,TCP
30.732022981,86,688,158608,5161.00095649606,3307,32289,156672,0,1425977503,1126903021,TCP
30.732109981,86,688,159296,5183.37335439982,3307,32320,156672,0,1425977503,1126903022,TCP
30.732188278,86,688,159984,5205.7470998421,3307,33668,159232,0,1425977503,1126903022,TCP
30.732266074,86,688,160672,5228.12081650989,3307,33700,159232,0,1425977503,1126903022,TCP
30.732471537,86,688,161360,5250.47260861309,3307,33731,159232,0,1425977503,1126903022,TCP
30.732550000,86,688,162048,5272.84589140829,3307,34396,162048,0,1425977503,1126903023,TCP
30.732627685,86,688,162736,5295.21919401081,3307,34427,162048,0,1425977503,1126903023,TCP
30.732705629,86,688,163424,5317.59233869047,3307,35775,164608,0,1425977503,1126903024,TCP
30.737921741,86,688,164112,5339.07273832043,3307,37123,167424,0,1425977503,1126903024,TCP
30.738000889,86,688,164800,5361.4417084286,3307,38471,169984,0,1425977503,1126903024,TCP
30.738079444,86,688,165488,5383.81066720494,3307,39819,172800,0,1425977503,1126903024,TCP
30.738157129,86,688,166176,5406.17966466249,3307,40299,175616,0,1425977504,1126903024,TCP
30.738353037,86,688,166864,5428.52767027383,3307,41647,178176,0,1425977504,1126903024,TCP
30.738430981,86,688,167552,5450.89630969021,3307,42995,180992,0,1425977504,1126903024,TCP
30.738508629,86,688,168240,5473.26488837117,3307,44343,183552,0,1425977504,1126903024,TCP
30.738586055,86,688,168928,5495.63339373321,3307,45691,186368,0,1425977504,1126903024,TCP
30.738717037,1434,11472,180400,5868.82008715112,101609,3307,65536,1348,1126903044,1425977503,TCP
30.739004796,86,688,181088,5891.14713380586,3307,47039,188928,0,1425977504,1126903024,TCP
30.739083352,86,688,181776,5913.51400815838,3307,48387,191744,0,1425977504,1126903024,TCP
30.739161315,86,688,182464,5935.88088270196,3307,49735,194304,0,1425977504,1126903024,TCP
30.739239463,86,688,183152,5958.24760792977,3307,51083,197120,0,1425977504,1126903024,TCP
30.739317092,86,688,183840,5980.61432040873,3307,52431,199680,0,1425977504,1126903024,TCP
30.739394407,86,688,184528,6002.98098123817,3307,53779,202496,0,1425977504,1126903024,TCP
30.739471778,86,688,185216,6025.34751857895,3307,55127,205056,0,1425977504,1126903024,TCP
30.739558981,86,688,185904,6047.71200897536,3307,56475,207872,0,1425977505,1126903024,TCP
30.740105352,1434,11472,197376,6420.79777345846,123177,3307,65536,1348,1126903045,1425977504,TCP
30.740570796,1434,11472,208848,6793.88816121708,155529,3307,65536,1348,1126903045,1425977505,TCP
30.743082222,86,688,209536,6815.71218158647,3307,56683,210432,0,1425977505,1126903024,TCP
30.743165018,86,688,210224,6838.07278388268,3307,58031,213248,0,1425977505,1126903024,TCP
30.743242907,86,688,210912,6860.43436074784,3307,59379,215808,0,1425977505,1126903024,TCP
30.753600963,86,688,211600,6880.49507615639,3307,60216,218624,0,1425977505,1126903024,TCP
30.753972352,86,688,212288,6902.78308018946,3307,61564,221440,0,1425977505,1126903025,TCP
30.753995037,86,688,212976,6925.1490657968,3307,62362,224000,0,1425977505,1126903025,TCP
30.754012370,86,688,213664,6947.51622745738,3307,62393,224000,0,1425977505,1126903025,TCP
30.754029148,86,688,214352,6969.88348968707,3307,63337,226816,0,1425977505,1126903025,TCP
30.754045629,86,688,215040,6992.25079503767,3307,63368,226816,0,1425977505,1126903025,TCP
30.754062185,86,688,215728,7014.61805930858,3307,64716,229376,0,1425977505,1126903025,TCP
30.754079222,86,688,216416,7036.98518943745,3307,66064,232192,0,1425977505,1126903025,TCP
30.754214833,86,688,217104,7059.32507719372,3307,67412,234752,0,1425977505,1126903025,TCP
30.754234166,86,688,217792,7081.6915428438,3307,68760,237568,0,1425977505,1126903025,TCP
30.754310426,86,688,218480,7104.04483058397,3307,70108,240128,0,1425977505,1126903025,TCP
30.754388055,86,688,219168,7126.39769024336,3307,71456,242944,0,1425977506,1126903025,TCP
30.754409518,2782,22256,241424,7850.06130124849,166313,3307,65536,2696,1126903059,1425977505,TCP
30.754571241,86,688,242112,7872.39067983598,3307,72268,245504,0,1425977506,1126903025,TCP
30.754590741,86,688,242800,7894.75633230635,3307,73616,248320,0,1425977506,1126903025,TCP
30.754667333,86,688,243488,7917.10725931786,3307,74964,250880,0,1425977506,1126903025,TCP
30.754745518,86,688,244176,7939.45766376411,3307,76312,253696,0,1425977506,1126903025,TCP
30.755456629,1434,11472,255648,8312.28107206654,170357,3307,65536,1348,1126903060,1425977506,TCP
30.764149222,86,688,256336,8332.29608107249,3307,77660,256256,0,1425977506,1126903025,TCP
30.764527704,86,688,257024,8354.55699086132,3307,79008,259072,0,1425977506,1126903025,TCP
30.764575278,86,688,257712,8376.90745512394,3307,80356,261888,0,1425977506,1126903025,TCP
30.764595685,86,688,258400,8399.26526731469,3307,81704,264448,0,1425977506,1126903025,TCP
30.764612704,86,688,259088,8421.62397728847,3307,83052,267264,0,1425977507,1126903025,TCP
30.764629259,86,688,259776,8443.98278987887,3307,84400,269824,0,1425977507,1126903025,TCP
30.764645852,86,688,260464,8466.34156794844,3307,85748,272640,0,1425977507,1126903025,TCP
30.764662333,86,688,261152,8488.70035280293,3307,87096,275200,0,1425977507,1126903025,TCP
30.764939352,1434,11472,272624,8861.51592501927,187881,3307,65536,1348,1126903070,1425977506,TCP
30.769678185,86,688,273312,8882.51083929885,3307,88444,278016,0,1425977507,1126903025,TCP
30.770476722,1434,11472,284784,9255.10522872035,191925,3307,65536,1348,1126903075,1425977507,TCP
30.776325722,86,688,285472,9275.70115349847,3307,89792,280576,0,1425977507,1126903025,TCP
30.776405148,86,688,286160,9298.03200288959,3307,91140,283392,0,1425977507,1126903025,TCP
30.776483407,86,688,286848,9320.36309043539,3307,92488,285952,0,1425977507,1126903025,TCP
30.776561092,86,688,287536,9342.69423866013,3307,93836,288768,0,1425977507,1126903025,TCP
30.776936222,86,688,288224,9364.93476546803,3307,94838,291328,0,1425977507,1126903025,TCP
30.777014759,86,688,288912,9387.26521276774,3307,94869,291328,0,1425977507,1126903026,TCP
30.777092611,86,688,289600,9409.59575552937,3307,96217,294144,0,1425977507,1126903026,TCP
30.777139444,1434,11472,301072,9782.32562996344,202709,3307,65536,1348,1126903082,1425977507,TCP
30.777192037,86,688,301760,9804.66312967172,3307,97565,296704,0,1425977507,1126903026,TCP
30.777273037,86,688,302448,9826.99148285169,3307,98913,299520,0,1425977507,1126903026,TCP
30.777633185,86,688,303136,9849.2303868167,3307,100261,302080,0,1425977508,1126903038,TCP
30.777711500,86,688,303824,9871.55916384492,3307,101609,304896,0,1425977508,1126903038,TCP
30.777789166,86,688,304512,9893.88803586946,3307,102957,307712,0,1425977512,1126903044,TCP
30.777866500,86,688,305200,9916.21690216897,3307,104305,310272,0,1425977512,1126903044,TCP
30.777943907,86,688,305888,9938.54563268699,3307,105653,313088,0,1425977512,1126903044,TCP
30.778021852,86,688,306576,9960.87407677496,3307,107001,315648,0,1425977512,1126903044,TCP
30.778225555,86,688,307264,9983.16161699855,3307,108349,318464,0,1425977512,1126903044,TCP
30.778303555,86,688,307952,10005.489725894,3307,109697,321024,0,1425977512,1126903044,TCP
30.778380926,86,688,308640,10027.8179265524,3307,111045,323840,0,1425977512,1126903044,TCP
30.778496592,6826,54608,363248,11802.0059528969,205405,3307,65536,6740,1126903083,1425977508,TCP
30.778548685,86,688,363936,11824.3392086049,3307,112393,326400,0,1425977513,1126903044,TCP
30.778672370,86,688,364624,11846.6448330435,3307,113741,329216,0,1425977513,1126903044,TCP
30.824846389,106,848,365472,11856.4094493078,3307,115089,428800,0,1425977527,1126903084,TCP
30.827818944,106,848,366320,11882.7738240398,3307,116437,431616,0,1425977529,1126903084,TCP
30.827961148,106,848,367168,11910.2265062969,3307,117785,434432,0,1425977529,1126903085,TCP
30.828098833,106,848,368016,11937.6806851954,3307,119133,436992,0,1425977529,1126903085,TCP
30.828236741,106,848,368864,11965.1345323111,3307,120481,439808,0,1425977530,1126903087,TCP
30.828374407,106,848,369712,11992.5882279428,3307,121829,442368,0,1425977530,1126903087,TCP
30.828512333,106,848,370560,12020.0415770092,3307,123177,445184,0,1425977530,1126903087,TCP
30.829344889,1434,11472,382032,12391.8299715902,228321,3307,65536,1348,1126903134,1425977530,TCP
30.837842703,1434,11472,393504,12760.4256818431,229669,3307,65536,1348,1126903143,1425977532,TCP
30.845287426,98,784,394288,12782.7630378198,3307,124525,487168,0,1425977532,1126903134,TCP
30.845425963,98,784,395072,12808.1226848318,3307,125873,485888,0,1425977532,1126903134,TCP
30.845564000,98,784,395856,12833.4823120757,3307,127221,487168,0,1425977532,1126903135,TCP
30.845701500,98,784,396640,12858.8419362095,3307,128569,487168,0,1425977532,1126903135,TCP
30.845917074,98,784,397424,12884.1687230946,3307,129917,487168,0,1425977533,1126903135,TCP
30.846225111,1434,11472,408896,13255.9494242355,239105,3307,65536,1348,1126903151,1425977532,TCP
30.846305259,98,784,409680,13281.3313153759,3307,131265,485888,0,1425977533,1126903135,TCP
30.846357611,1434,11472,421152,13653.2165421636,241801,3307,65536,1348,1126903151,1425977532,TCP
30.846487148,1434,11472,432624,14025.0654126121,244497,3307,65536,1348,1126903151,1425977532,TCP
30.846616055,98,784,433408,14050.4228803324,3307,132613,487168,0,1425977533,1126903135,TCP
30.846999241,98,784,434192,14075.6641061831,3307,133961,487168,0,1425977533,1126903135,TCP
30.847054518,98,784,434976,14101.054599757,3307,135309,487168,0,1425977533,1126903139,TCP
30.847098463,1434,11472,446448,14472.9333468916,249889,3307,65536,1348,1126903152,1425977533,TCP
30.847166389,98,784,447232,14498.3171018094,3307,136657,485888,0,1425977533,1126903139,TCP
30.847310703,98,784,448016,14523.6647795177,3307,138005,484608,0,1425977533,1126903139,TCP
30.847409185,1434,11472,459488,14895.5135014526,252585,3307,65536,1348,1126903152,1425977533,TCP
30.847710592,98,784,460272,14920.7831364758,3307,139353,487168,0,1425977533,1126903139,TCP
30.847773444,98,784,461056,14946.1678599587,3307,140701,487168,0,1425977533,1126903139,TCP
30.848246389,98,784,461840,14971.353449922,3307,142049,485888,0,1425977533,1126903139,TCP
30.848515500,1434,11472,473312,15343.1045976913,266065,3307,65536,1348,1126903153,1425977533,TCP
30.848671092,98,784,474096,15368.4415962718,3307,143397,487168,0,1425977533,1126903139,TCP
30.848714203,98,784,474880,15393.8344682716,3307,144745,487168,0,1425977533,1126903139,TCP
30.848850759,98,784,475664,15419.1805625442,3307,146093,487168,0,1425977534,1126903139,TCP
30.849062185,1434,11472,487136,15790.9500482924,271457,3307,65536,1348,1126903154,1425977533,TCP
30.849172500,98,784,487920,15816.3075524959,3307,147441,485888,0,1425977534,1126903139,TCP
30.849179222,98,784,488704,15841.7180724044,3307,148789,484608,0,1425977534,1126903142,TCP
30.849407889,98,784,489488,15867.0144257303,3307,150137,487168,0,1425977534,1126903142,TCP
30.849866666,98,784,490272,15892.191862869,3307,151485,485888,0,1425977534,1126903142,TCP
30.849914926,98,784,491056,15917.5803621469,3307,152833,487168,0,1425977534,1126903142,TCP
30.850051852,98,784,491840,15942.9229603747,3307,154181,485888,0,1425977534,1126903142,TCP
30.850625092,98,784,492624,15968.0394977716,3307,155529,484608,0,1425977534,1126903142,TCP
30.850794241,98,784,493408,15993.3645839261,3307,156877,483328,0,1425977534,1126903142,TCP
30.850846315,1434,11472,504880,16365.1912445112,295721,3307,65536,1348,1126903156,1425977534,TCP
30.850907407,98,784,505664,16390.5713802527,3307,158225,482048,0,1425977534,1126903143,TCP
30.850955407,86,688,506352,16412.8466467236,3307,229669,488192,0,1425977534,1126903143,TCP
30.851002889,86,688,507040,16435.1221198318,3307,231017,491008,0,1425977534,1126903143,TCP
30.851447741,1434,11472,518512,16806.7315463749,298417,3307,65536,1348,1126903156,1425977534,TCP
30.851695333,1434,11472,529984,17178.4400915275,303809,3307,65536,1348,1126903157,1425977534,TCP
30.851759648,1434,11472,541456,17550.2469284633,306505,3307,65536,1348,1126903157,1425977534,TCP
30.852729241,1434,11472,552928,17921.5263479906,338857,3307,65536,1348,1126903158,1425977534,TCP
30.884896796,86,688,553616,17925.136796044,3307,232365,493568,0,1425977540,1126903151,TCP
30.885116352,86,688,554304,17947.2854718291,3307,233713,496384,0,1425977540,1126903151,TCP
30.885718000,1434,11472,565776,18318.3696749417,352337,3307,65536,1348,1126903191,1425977534,TCP
30.885914981,1434,11472,577248,18689.6842899135,353685,3307,65536,1348,1126903191,1425977540,TCP
30.891825703,86,688,577936,18708.379542096,3307,235061,498944,0,1425977545,1126903151,TCP
30.891985629,86,688,578624,18730.5538384303,3307,236409,501760,0,1425977545,1126903151,TCP
30.892528518,86,688,579312,18752.4954346956,3307,237757,504320,0,1425977545,1126903151,TCP
30.892562166,86,688,580000,18774.7457424668,3307,239105,507136,0,1425977546,1126903151,TCP
30.892638629,1434,11472,591472,19146.0498762564,357729,3307,65536,1348,1126903197,1425977545,TCP
30.892784500,86,688,592160,19168.2300441386,3307,240453,509696,0,1425977546,1126903151,TCP
30.893056963,86,688,592848,19190.3313650715,3307,241801,512512,0,1425977546,1126903151,TCP
30.893309166,86,688,593536,19212.4448957777,3307,243149,515072,0,1425977546,1126903151,TCP
30.893862389,1434,11472,605008,19583.4367481166,360425,3307,65536,1348,1126903199,1425977546,TCP
30.900326759,98,784,605792,19604.7117794169,3307,244497,543488,0,1425977548,1126903199,TCP
30.900545685,98,784,606576,19629.9446030317,3307,245845,543488,0,1425977548,1126903199,TCP
30.900717074,98,784,607360,19655.2073062096,3307,247193,543488,0,1425977548,1126903199,TCP
30.927335463,98,784,608144,19663.6403005863,3307,248541,543488,0,1425977550,1126903204,TCP
30.943885815,98,784,608928,19678.4593777432,3307,249889,542208,0,1425977550,1126903204,TCP
30.944219926,98,784,609712,19703.582816373,3307,251237,540928,0,1425977550,1126903204,TCP
30.944251222,98,784,610496,19728.8987741272,3307,252585,543488,0,1425977550,1126903205,TCP
30.944270611,98,784,611280,19754.222281869,3307,253933,543488,0,1425977550,1126903205,TCP
30.944288926,98,784,612064,19779.5464443758,3307,255281,543488,0,1425977550,1126903205,TCP
30.944306592,98,784,612848,19804.8709922761,3307,256629,543488,0,1425977550,1126903205,TCP
30.944324759,98,784,613632,19830.195190203,3307,257977,542208,0,1425977550,1126903206,TCP
30.946959111,98,784,614416,19853.8408182925,3307,259325,543488,0,1425977559,1126903206,TCP
30.947196426,98,784,615200,19879.0220455364,3307,260673,543488,0,1425977559,1126903206,TCP
30.947318703,98,784,615984,19904.2768748908,3307,262021,542208,0,1425977559,1126903206,TCP
30.947434277,98,784,616768,19929.5358212742,3307,263369,540928,0,1425977559,1126903206,TCP
30.947662815,98,784,617552,19954.7217407538,3307,264717,539648,0,1425977559,1126903206,TCP
30.947691833,98,784,618336,19980.0360988686,3307,266065,538368,0,1425977559,1126903206,TCP
30.947710018,98,784,619120,20005.3574122254,3307,267413,543488,0,1425977560,1126903206,TCP
30.947882500,98,784,619904,20030.5788287777,3307,268761,542208,0,1425977560,1126903233,TCP
30.950240926,98,784,620688,20054.3834693896,3307,270109,540928,0,1425977560,1126903233,TCP
30.950491203,98,784,621472,20079.5520796052,3307,271457,539648,0,1425977560,1126903250,TCP
30.950981166,98,784,622256,20104.5645907845,3307,272805,538368,0,1425977560,1126903250,TCP
30.951011203,98,784,623040,20129.8754316502,3307,274153,537088,0,1425977560,1126903250,TCP
30.951221907,98,784,623824,20155.0685744951,3307,275501,535808,0,1425977560,1126903250,TCP
30.951396574,98,784,624608,20180.2848703986,3307,276849,534528,0,1425977560,1126903250,TCP
30.951509777,98,784,625392,20205.5410061039,3307,278197,533248,0,1425977560,1126903250,TCP
30.951696574,98,784,626176,20230.7488542001,3307,279545,531968,0,1425977561,1126903250,TCP
30.953650926,98,784,626960,20254.7997164811,3307,280893,543488,0,1425977561,1126903250,TCP
30.953877963,98,784,627744,20279.9791596503,3307,282241,543488,0,1425977561,1126903250,TCP
30.954093685,98,784,628528,20305.1656558298,3307,283589,542208,0,1425977561,1126903250,TCP
30.954304370,98,784,629312,20330.3551091883,3307,284937,540928,0,1425977561,1126903250,TCP
30.954423463,98,784,630096,20355.6044503028,3307,286285,543488,0,1425977561,1126903250,TCP
30.954616240,98,784,630880,20380.8050827898,3307,287633,542208,0,1425977561,1126903250,TCP
30.957033629,98,784,631664,20404.5389997661,3307,288981,540928,0,1425977561,1126903250,TCP
30.957275815,98,784,632448,20429.7045960858,3307,290329,543488,0,1425977562,1126903253,TCP
30.957396333,98,784,633232,20454.9501898836,3307,291677,542208,0,1425977562,1126903253,TCP
30.958098037,1434,11472,644704,20825.0519534331,368513,3307,65536,1348,1126903263,1425977562,TCP
30.958205389,1434,11472,656176,21195.5438551729,369861,3307,65536,1348,1126903263,1425977562,TCP
30.970187277,98,784,656960,21212.6582937356,3307,293025,543488,0,1425977562,1126903253,TCP
30.971045481,1434,11472,668432,21582.4809792123,372557,3307,65536,1348,1126903276,1425977562,TCP
30.987522963,98,784,669216,21596.3050934747,3307,294373,542208,0,1425977562,1126903253,TCP
30.987842222,98,784,670000,21621.3828378257,3307,295721,540928,0,1425977562,1126903253,TCP
30.987871518,98,784,670784,21646.6626179975,3307,297069,539648,0,1425977562,1126903253,TCP
30.987889518,98,784,671568,21671.9502504327,3307,298417,543488,0,1425977562,1126903253,TCP
30.988432889,1434,11472,683040,22041.7728914088,375253,3307,65536,1348,1126903293,1425977562,TCP
30.989386037,1434,11472,694512,22411.2862116979,379297,3307,65536,1348,1126903294,1425977562,TCP
30.989866389,1434,11472,705984,22781.1243565281,380645,3307,65536,1348,1126903295,1425977562,TCP
31.003947592,98,784,706768,22796.0648527986,3307,299765,543488,0,1425977562,1126903253,TCP
31.004626537,98,784,707552,22820.8522091253,3307,301113,543488,0,1425977562,1126903253,TCP
31.004654389,98,784,708336,22846.1182347934,3307,302461,542208,0,1425977562,1126903253,TCP
31.004675074,98,784,709120,22871.3895019869,3307,303809,540928,0,1425977563,1126903253,TCP
31.004697944,98,784,709904,22896.6591218599,3307,305157,539648,0,1425977563,1126903253,TCP
31.004717463,98,784,710688,22921.9311818633,3307,306505,538368,0,1425977563,1126903253,TCP
31.004737555,98,784,711472,22947.2027859582,3307,307853,543488,0,1425977563,1126903253,TCP
31.004757926,98,784,712256,22972.4741505792,3307,309201,543488,0,1425977563,1126903253,TCP
31.004780407,98,784,713040,22997.7439169031,3307,310549,542208,0,1425977563,1126903253,TCP
31.004799777,98,784,713824,23023.0159566949,3307,311897,540928,0,1425977563,1126903256,TCP
31.005269870,98,784,714608,23047.9529123995,3307,313245,539648,0,1425977563,1126903256,TCP
31.005298666,98,784,715392,23073.2175073188,3307,314593,538368,0,1425977563,1126903256,TCP
31.005318166,98,784,716176,23098.4889806855,3307,315941,537088,0,1425977563,1126903256,TCP
31.005337648,98,784,716960,23123.760435689,3307,317289,543488,0,1425977564,1126903257,TCP
31.005357314,98,784,717744,23149.0317215571,3307,318637,542208,0,1425977564,1126903257,TCP
31.005375111,98,784,718528,23174.3043723113,3307,319985,540928,0,1425977564,1126903257,TCP
31.005460870,1434,11472,730000,23544.2396118784,384689,3307,65536,1348,1126903310,1425977562,TCP
31.006008629,1434,11472,741472,23913.8164757685,387385,3307,65536,1348,1126903311,1425977562,TCP
31.006365852,1434,11472,752944,24283.5295046818,388733,3307,65536,1348,1126903311,1425977563,TCP
31.006761574,1434,11472,764416,24653.2034045433,390081,3307,65536,1348,1126903312,1425977563,TCP
31.007130111,1434,11472,775888,25022.8898070366,391429,3307,65536,1348,1126903312,1425977563,TCP
31.008651981,98,784,776672,25046.9449776756,3307,321333,539648,0,1425977564,1126903257,TCP
31.008917685,98,784,777456,25072.0134091001,3307,322681,543488,0,1425977564,1126903257,TCP
31.009028185,1434,11472,788928,25441.8808384852,398169,3307,65536,1348,1126903314,1425977564,TCP
31.009379203,98,784,789712,25466.8755162825,3307,324029,543488,0,1425977564,1126903257,TCP
31.009411814,98,784,790496,25492.1313806768,3307,325377,543488,0,1425977565,1126903257,TCP
31.009432426,98,784,791280,25517.3970658214,3307,326725,542208,0,1425977565,1126903257,TCP
31.009611111,98,784,792064,25542.532512413,3307,328073,543488,0,1425977565,1126903257,TCP
31.009825574,98,784,792848,25567.6381702952,3307,329421,542208,0,1425977565,1126903257,TCP
31.010062722,98,784,793632,25592.724758888,3307,330769,540928,0,1425977565,1126903257,TCP
31.010192166,2782,22256,815888,26310.3174476471,402213,3307,65536,2696,1126903315,1425977564,TCP
31.010545407,98,784,816672,26335.2994693106,3307,332117,539648,0,1425977565,1126903257,TCP
31.010578518,98,784,817456,26360.5530456489,3307,333465,538368,0,1425977565,1126903259,TCP
31.010596703,98,784,818240,26385.8192680582,3307,334813,543488,0,1425977565,1126903259,TCP
31.010723944,98,784,819024,26410.9925804704,3307,336161,542208,0,1425977565,1126903259,TCP
31.010842926,98,784,819808,26436.1727269483,3307,337509,540928,0,1425977565,1126903259,TCP
31.010966333,98,784,820592,26461.3489043963,3307,338857,543488,0,1425977565,1126903260,TCP
31.011083240,98,784,821376,26486.530433111,3307,340205,543488,0,1425977566,1126903260,TCP
31.011199203,98,784,822160,26511.7125789984,3307,341553,542208,0,1425977566,1126903260,TCP
31.011297889,1434,11472,833632,26881.5579078261,406257,3307,65536,1348,1126903316,1425977564,TCP
31.011921814,1434,11472,845104,27250.9393345138,407605,3307,65536,1348,1126903317,1425977565,TCP
31.012538463,1434,11472,856576,27620.3123785546,408953,3307,65536,1348,1126903317,1425977565,TCP
31.013833296,98,784,857360,27644.4382678286,3307,342901,540928,0,1425977566,1126903260,TCP
31.013973314,98,784,858144,27669.5923902348,3307,344249,539648,0,1425977566,1126903260,TCP
31.014090074,98,784,858928,27694.7670542836,3307,345597,538368,0,1425977566,1126903260,TCP
31.014379259,98,784,859712,27719.7874192669,3539,346945,543488,0,1425977574,1126903260,TCP
31.014440407,1434,11472,871184,28089.6249800907,412997,3307,65536,1348,1126903319,1425977566,TCP
31.014555111,98,784,871968,28114.7995474788,3539,348293,543488,0,1425977574,1126903260,TCP
31.014675277,98,784,872752,28139.968972921,3539,349641,543488,0,1425977575,1126903263,TCP
31.015047759,1434,11472,884224,28509.5159894898,414345,3307,65536,1348,1126903320,1425977566,TCP
31.015874833,98,784,885008,28534.033128686,3539,350989,542208,0,1425977575,1126903263,TCP
31.016111092,86,688,885696,28555.9977965274,3539,368513,546304,0,1425977575,1126903263,TCP
31.016236944,86,688,886384,28578.0638573394,3539,369861,550144,0,1425977577,1126903263,TCP
31.016312314,1434,11472,897856,28947.8643015446,417041,3307,65536,1348,1126903321,1425977566,TCP
31.016518000,86,688,898544,28969.8540629222,3539,371209,552960,0,1425977577,1126903263,TCP
31.016718277,86,688,899232,28991.848588534,3539,372557,555520,0,1425977577,1126903263,TCP
31.016741352,86,688,899920,29014.0085893314,3539,373905,558336,0,1425977577,1126903276,TCP
31.017584926,1434,11472,911392,29383.0742198126,419737,3307,65536,1348,1126903322,1425977566,TCP
31.018507166,1434,11472,922864,29752.0443218354,422433,3539,65536,1348,1126903323,1425977572,TCP
31.019439518,1434,11472,934336,30120.9826650099,425129,3539,65536,1348,1126903324,1425977577,TCP
31.030289481,1434,11472,945808,30480.1539340818,430521,3539,65536,1348,1126903335,1425977578,TCP
31.030757740,1434,11472,957280,30849.391691329,431869,3539,65536,1348,1126903336,1425977578,TCP
31.031170814,1434,11472,968752,31218.6738233847,433217,3539,65536,1348,1126903336,1425977578,TCP
31.031663777,1434,11472,980224,31587.8648029991,434565,3539,65536,1348,1126903336,1425977578,TCP
31.032119926,1434,11472,991696,31957.0819642623,435913,3539,65536,1348,1126903337,1425977579,TCP
31.032601166,1434,11472,1003168,32326.2621342581,437261,3539,65536,1348,1126903337,1425977579,TCP
31.050834463,1434,11472,1014640,32676.7385658843,438609,3539,65536,1348,1126903356,1425977579,TCP
31.057215018,1434,11472,1026112,33039.4080539833,439957,3539,65536,1348,1126903362,1425977579,TCP
31.074420944,1434,11472,1037584,33390.2923523452,441305,3539,65536,1348,1126903379,1425977579,TCP
31.074891648,1434,11472,1049056,33758.9592228721,442653,3539,65536,1348,1126903380,1425977579,TCP
31.075021870,98,784,1049840,33784.0470198839,3539,375253,559104,0,1425977581,1126903325,TCP
31.075119166,1434,11472,1061312,34153.1111861738,444001,3539,65536,1348,1126903380,1425977579,TCP
31.075284796,98,784,1062096,34178.158204256,3685,376601,557824,0,1425977587,1126903332,TCP
31.076109463,1434,11472,1073568,34546.4093978114,446697,3539,65536,1348,1126903381,1425977579,TCP
31.076587592,1434,11472,1085040,34915.030383816,448045,3539,65536,1348,1126903381,1425977579,TCP
31.077480296,1434,11472,1096512,35283.1693417929,450741,3539,65536,1348,1126903382,1425977580,TCP
31.078421814,1434,11472,1107984,35651.2311542436,453437,3685,65536,1348,1126903383,1425977583,TCP
31.079365166,1434,11472,1119456,36019.2685410658,456133,3685,65536,1348,1126903384,1425977583,TCP
31.080305148,1434,11472,1130928,36387.2875319171,458829,3685,65536,1348,1126903385,1425977583,TCP
31.082187629,1434,11472,1142400,36754.1697397814,464221,3685,65536,1348,1126903387,1425977583,TCP
31.083129833,1434,11472,1153872,37122.1304353646,466917,3685,65536,1348,1126903388,1425977583,TCP
31.083611833,98,784,1154656,37146.7770928138,3685,377949,556544,0,1425977593,1126903332,TCP
31.083761259,98,784,1155440,37171.8206935286,3685,379297,555264,0,1425977594,1126903333,TCP
31.083910444,98,784,1156224,37196.8643418602,3685,380645,553984,0,1425977594,1126903333,TCP
31.084053277,86,688,1156912,37218.8269557508,3685,427825,517888,0,1425977594,1126903334,TCP
31.084073222,1434,11472,1168384,37587.8666754995,469613,3685,65536,1348,1126903389,1425977583,TCP
31.084134981,86,688,1169072,37609.9254720966,3685,430521,538624,0,1425977594,1126903334,TCP
31.084551889,1434,11472,1180544,37978.4789633002,470961,3685,65536,1348,1126903389,1425977593,TCP
31.085305851,1434,11472,1192016,38346.6067766437,473657,3685,65536,1348,1126903390,1425977594,TCP
31.086065759,1434,11472,1203488,38714.7093276533,476353,3685,65536,1348,1126903391,1425977594,TCP
31.086836944,1434,11472,1214960,39082.7797047553,479049,3685,65536,1348,1126903392,1425977594,TCP
31.087933870,1434,11472,1226432,39450.4184526561,483093,3685,65536,1348,1126903393,1425977594,TCP
31.089067481,1434,11472,1237904,39817.9842723344,487137,3685,65536,1348,1126903394,1425977594,TCP
31.089832277,1434,11472,1249376,40186.0000037465,489833,3685,65536,1348,1126903395,1425977594,TCP
31.095457777,86,688,1250064,40200.8553456518,3685,433217,560384,0,1425977595,1126903335,TCP
31.096271518,1434,11472,1261536,40568.7221784696,497921,3685,65536,1348,1126903401,1425977595,TCP
31.100733907,1434,11472,1273008,40931.7671990203,500617,3685,65536,1348,1126903405,1425977596,TCP
31.101302889,1434,11472,1284480,41299.8775190958,501965,3685,65536,1348,1126903406,1425977596,TCP
31.102553889,1434,11472,1295952,41667.0606737004,504661,3685,65536,1348,1126903407,1425977596,TCP
31.103493963,1434,11472,1307424,42034.6344868934,507357,3685,65536,1348,1126903408,1425977597,TCP
31.105379703,1434,11472,1318896,42400.8969700118,512749,3685,65536,1348,1126903410,1425977598,TCP
31.106348185,1434,11472,1330368,42768.3761554989,515445,3685,65536,1348,1126903411,1425977598,TCP
31.107263129,1434,11472,1341840,43135.9066991997,518141,3685,65536,1348,1126903412,1425977598,TCP
31.108209796,1434,11472,1353312,43503.3712603421,520837,3685,65536,1348,1126903413,1425977598,TCP
31.109209666,1434,11472,1364784,43870.7384293213,523533,3685,65536,1348,1126903414,1425977598,TCP
31.110087851,1434,11472,1376256,44238.2550184847,526229,3685,65536,1348,1126903415,1425977598,TCP
31.111042277,1434,11472,1387728,44605.6415482399,528925,3685,65536,1348,1126903416,1425977598,TCP
31.129303926,1434,11472,1399200,44948.0015141409,530273,3685,65536,1348,1126903434,1425977599,TCP
31.135159037,1434,11472,1410672,45308.0068845514,531621,3685,65536,1348,1126903440,1425977599,TCP
31.135469611,1434,11472,1422144,45676.0093156765,532969,3685,65536,1348,1126903440,1425977599,TCP
31.135866870,1434,11472,1433616,46043.876214711,534317,3685,65536,1348,1126903441,1425977599,TCP
31.136345777,1434,11472,1445088,46411.612022483,535665,3685,65536,1348,1126903441,1425977599,TCP
31.136825296,1434,11472,1456560,46779.3355987104,537013,3685,65536,1348,1126903442,1425977599,TCP
31.137302388,1434,11472,1468032,47147.0515238264,538361,3685,65536,1348,1126903442,1425977599,TCP
31.139903240,1434,11472,1479504,47511.5156459298,541057,3685,65536,1348,1126903445,1425977599,TCP
31.140240555,1434,11472,1490976,47879.3989200768,542405,3685,65536,1348,1126903445,1425977599,TCP
31.141095037,1434,11472,1502448,48246.4729713223,545101,3685,65536,1348,1126903446,1425977600,TCP
31.141572907,1434,11472,1513920,48614.1147886496,546449,3685,65536,1348,1126903446,1425977600,TCP
31.142052888,1434,11472,1525392,48981.7420028781,547797,3685,65536,1348,1126903447,1425977600,TCP
31.142974685,1434,11472,1536864,49348.6577806015,550493,3685,65536,1348,1126903448,1425977600,TCP
31.144013351,98,784,1537648,49372.1853593615,3685,434565,559104,0,1425977600,1126903402,TCP
31.144299166,98,784,1538432,49396.9054111673,3685,435913,557824,0,1425977600,1126903402,TCP
31.144312203,98,784,1539216,49422.0578694216,3685,437261,556544,0,1425977600,1126903403,TCP
31.144322370,98,784,1540000,49447.2148632592,3685,438609,555264,0,1425977601,1126903404,TCP
31.144332333,98,784,1540784,49472.3721647233,3685,439957,553984,0,1425977601,1126903404,TCP
31.144342351,86,688,1541472,49494.4469408745,3685,501965,503552,0,1425977601,1126903405,TCP
31.145188963,1434,11472,1552944,49861.4409385948,551841,3685,65536,1348,1126903450,1425977601,TCP
31.145413426,1434,11472,1564416,50229.4183288649,553189,3685,65536,1348,1126903450,1425977601,TCP
31.149371444,86,688,1565104,50245.1230135968,3685,504661,558848,0,1425977609,1126903406,TCP
31.149525648,86,688,1565792,50266.9612916091,3685,507357,560384,0,1425977609,1126903407,TCP
31.149675185,86,688,1566480,50288.8068879233,3685,510053,560384,0,1425977610,1126903408,TCP
31.149824926,86,688,1567168,50310.6519450105,3685,512749,560384,0,1425977610,1126903409,TCP
31.150162333,1434,11472,1578640,50678.387583477,555885,3685,65536,1348,1126903455,1425977609,TCP
31.150652055,1434,11472,1590112,51045.865659328,558581,3685,65536,1348,1126903455,1425977609,TCP
31.151585740,1434,11472,1601584,51412.5994537574,561277,3685,65536,1348,1126903456,1425977610,TCP
31.152062796,1434,11472,1613056,51780.0702497017,562625,3685,65536,1348,1126903457,1425977610,TCP
31.158477629,106,848,1613904,51796.6255995093,3685,514097,559104,0,1425977612,1126903458,TCP
31.158633074,106,848,1614752,51823.5827664537,3685,515445,557824,0,1425977612,1126903458,TCP
31.158782833,106,848,1615600,51850.5491263584,3685,516793,556544,0,1425977612,1126903459,TCP
31.158929740,106,848,1616448,51877.5199754342,3685,518141,555264,0,1425977612,1126903459,TCP
31.159075981,106,848,1617296,51904.4916796052,3685,519489,553984,0,1425977612,1126903460,TCP
31.159169944,106,848,1618144,51931.5502597844,3685,520837,552704,0,1425977612,1126903460,TCP
31.159252907,106,848,1618992,51958.6270194652,3685,522185,551424,0,1425977612,1126903461,TCP
31.159490463,106,848,1619840,51985.4457159196,3685,523533,550144,0,1425977613,1126903461,TCP
31.159647870,106,848,1620688,52012.3977896545,3685,524881,548864,0,1425977613,1126903461,TCP
31.159737833,106,848,1621536,52039.4622281673,3685,526229,547584,0,1425977613,1126903462,TCP
31.159815259,106,848,1622384,52066.5474591157,3685,527577,546304,0,1425977613,1126903462,TCP
31.164832333,1434,11472,1633856,52426.2727468594,565321,3685,65536,1348,1126903470,1425977613,TCP
31.165172426,1434,11472,1645328,52793.8038496896,566669,3685,65536,1348,1126903470,1425977613,TCP
31.165191611,1434,11472,1656800,53161.8743333899,568017,3685,65536,1348,1126903470,1425977613,TCP
31.166638259,1434,11472,1668272,53527.4926392888,572061,3685,65536,1348,1126903471,1425977613,TCP
31.169332963,106,848,1669120,53550.0712184426,3685,528925,545024,0,1425977613,1126903464,TCP
31.169566351,106,848,1669968,53576.8762771518,3685,530273,543744,0,1425977613,1126903464,TCP
31.169712314,106,848,1670816,53603.8312823807,3685,531621,542464,0,1425977613,1126903464,TCP
31.169794740,106,848,1671664,53630.8953569965,3685,532969,543488,0,1425977614,1126903465,TCP
31.169941092,106,848,1672512,53657.8492421105,3685,534317,543488,0,1425977614,1126903465,TCP
31.170018888,106,848,1673360,53684.9209496058,3685,535665,542208,0,1425977614,1126903466,TCP
31.170139944,1434,11472,1684832,54052.7569984272,574757,3685,65536,1348,1126903475,1425977613,TCP
31.170195648,106,848,1685680,54079.8658768816,3685,537013,540928,0,1425977614,1126903466,TCP
31.170273444,106,848,1686528,54106.9363100067,3685,538361,539648,0,1425977614,1126903466,TCP
31.170772240,1434,11472,1698000,54474.1075686612,577453,3685,65536,1348,1126903476,1425977613,TCP
31.171925314,1434,11472,1709472,54840.1159947678,580149,3685,65536,1348,1126903477,1425977613,TCP
31.173110907,1434,11472,1720944,55206.0397543948,582845,3685,65536,1348,1126903478,1425977614,TCP
31.174297333,1434,11472,1732416,55571.9341961279,585541,3685,65536,1348,1126903479,1425977614,TCP
31.175484833,1434,11472,1743888,55937.798861561,588237,3685,65536,1348,1126903480,1425977614,TCP
31.177276592,1434,11472,1755360,56302.5444130813,592281,3685,65536,1348,1126903482,1425977614,TCP
31.188653148,106,848,1756208,56309.1965422886,3685,539709,543488,0,1425977614,1126903467,TCP
31.188866111,98,784,1756992,56333.9492287707,3685,542405,541952,0,1425977614,1126903467,TCP
31.188879185,98,784,1757776,56359.0627791904,3685,543753,540672,0,1425977614,1126903467,TCP
31.188889666,98,784,1758560,56384.1809962559,3685,545101,539392,0,1425977614,1126903468,TCP
31.189457981,1434,11472,1770032,56750.9701860888,596325,3685,65536,1348,1126903494,1425977614,TCP
31.189953314,1434,11472,1781504,57117.8796603184,599021,3685,65536,1348,1126903495,1425977614,TCP
31.190166518,98,784,1782288,57142.6253518535,3685,546449,538112,0,1425977614,1126903468,TCP
31.190179574,98,784,1783072,57167.7375492369,3685,547797,536832,0,1425977614,1126903469,TCP
31.190189851,98,784,1783856,57192.8548213953,3685,549145,535552,0,1425977615,1126903469,TCP
31.190818796,1434,11472,1795328,57559.5021003501,601717,3685,65536,1348,1126903496,1425977614,TCP
31.191433074,86,688,1796016,57580.4258733175,3685,565321,546048,0,1425977615,1126903469,TCP
31.191446203,86,688,1796704,57602.458966048,3685,568017,558848,0,1425977615,1126903470,TCP
31.191456314,86,688,1797392,57624.4976158185,3685,570713,558848,0,1425977615,1126903470,TCP
31.191687351,1434,11472,1808864,57991.8610892978,604413,3685,65536,1348,1126903496,1425977614,TCP
31.193487888,1434,11472,1820336,58356.2827772227,609805,3685,65536,1348,1126903498,1425977615,TCP
31.194356481,1434,11472,1831808,58722.4167011019,612501,3685,65536,1348,1126903499,1425977615,TCP
31.195245703,1434,11472,1843280,59088.4911614187,615197,3685,65536,1348,1126903500,1425977615,TCP
31.195265018,1434,11472,1854752,59456.2026938956,616545,3685,65536,1348,1126903500,1425977615,TCP
31.204700888,86,688,1855440,59460.2719205529,3685,573409,560384,0,1425977616,1126903470,TCP
31.204778518,86,688,1856128,59482.1719029129,3685,576105,560384,0,1425977616,1126903471,TCP
31.205509463,1434,11472,1867600,59848.4060070992,619241,3685,65536,1348,1126903510,1425977616,TCP
31.206195166,1434,11472,1879072,60214.7102523828,623285,3685,65536,1348,1126903511,1425977616,TCP
31.206853685,86,688,1879760,60235.4860561779,3685,578801,560384,0,1425977624,1126903475,TCP
31.207007703,86,688,1880448,60257.2351023334,3685,581497,560384,0,1425977624,1126903476,TCP
31.207152481,86,688,1881136,60279.0017815724,3685,584193,560384,0,1425977625,1126903477,TCP
31.207808092,1434,11472,1892608,60645.3357576613,627329,3685,65536,1348,1126903513,1425977624,TCP
31.208850222,1434,11472,1904080,61010.8987180105,631373,3685,65536,1348,1126903514,1425977625,TCP
31.213386592,86,688,1904768,61024.0735777191,3685,586889,560384,0,1425977625,1126903478,TCP
31.213538981,86,688,1905456,61045.81736662,3685,589585,560384,0,1425977625,1126903479,TCP
31.214200500,1434,11472,1916928,61412.0486603525,635417,3685,65536,1348,1126903519,1425977625,TCP
31.222531370,98,784,1917712,61420.7726232801,3685,590933,559104,0,1425977627,1126903519,TCP
31.222541314,98,784,1918496,61445.8631251697,3685,592281,557824,0,1425977627,1126903521,TCP
31.228253796,98,784,1919280,61459.7285054036,3685,593629,556544,0,1425977628,1126903522,TCP
31.228409814,98,784,1920064,61484.5267958286,3685,594977,555264,0,1425977628,1126903523,TCP
31.228555814,98,784,1920848,61509.3445704226,3685,596325,553984,0,1425977628,1126903525,TCP
31.228726833,98,784,1921632,61534.1128146593,3685,597673,552704,0,1425977629,1126903526,TCP
31.228951518,98,784,1922416,61558.7750005613,3685,599021,551424,0,1425977629,1126903527,TCP
31.229095370,98,784,1923200,61583.5962333865,3685,600369,550144,0,1425977629,1126903528,TCP
31.229171777,98,784,1923984,61608.550291974,3685,601717,548864,0,1425977629,1126903528,TCP
31.229248703,98,784,1924768,61633.5032041645,3685,603065,547584,0,1425977630,1126903531,TCP
31.229591111,98,784,1925552,61657.9318363782,3685,604413,546304,0,1425977630,1126903532,TCP
31.242763444,1434,11472,1937024,61999.1251245093,638113,3685,65536,1348,1126903548,1425977630,TCP
31.244044166,1434,11472,1948496,62363.7577020317,639461,3685,65536,1348,1126903549,1425977630,TCP
31.246599740,1434,11472,1959968,62725.8010890372,642157,3685,65536,1348,1126903551,1425977630,TCP
31.247333611,98,784,1960752,62749.4180594583,3685,605761,545024,0,1425977631,1126903533,TCP
31.249159666,1434,11472,1972224,63112.8651483655,644853,3685,65536,1348,1126903554,1425977630,TCP
31.251715537,1434,11472,1983696,63474.787412916,647549,3685,65536,1348,1126903557,1425977630,TCP
31.254272685,1434,11472,1995168,63836.6478755895,650245,3685,65536,1348,1126903559,1425977631,TCP
31.256831555,1434,11472,2006640,64198.4455932165,652941,3685,65536,1348,1126903562,1425977631,TCP
31.259387925,1434,11472,2018112,64560.1892411334,655637,3685,65536,1348,1126903564,1425977631,TCP
31.261948944,1434,11472,2029584,64921.8640730181,658333,3685,65536,1348,1126903567,1425977631,TCP
31.263517351,98,784,2030368,64943.6842695838,3685,607109,543744,0,1425977635,1126903535,TCP
31.264325425,1434,11472,2041840,65308.941493018,659681,3685,65536,1348,1126903569,1425977635,TCP
31.265123222,98,784,2042624,65332.3508593335,3685,608457,542464,0,1425977639,1126903536,TCP
31.265281148,98,784,2043408,65357.0965930915,3685,609805,541184,0,1425977639,1126903536,TCP
31.265426870,98,784,2044192,65381.8675977028,3685,611153,539904,0,1425977639,1126903539,TCP
31.265582129,98,784,2044976,65406.6184202983,3685,612501,540672,0,1425977639,1126903539,TCP
31.265728462,98,784,2045760,65431.3876769701,3685,613849,539392,0,1425977639,1126903541,TCP
31.265873777,98,784,2046544,65456.1588330051,3685,615197,538112,0,1425977639,1126903542,TCP
31.265916740,1434,11472,2058016,65822.9860046637,662377,3685,65536,1348,1126903571,1425977639,TCP
31.265975592,98,784,2058800,65847.9372870355,3685,616545,540672,0,1425977639,1126903544,TCP
31.266126740,98,784,2059584,65872.694022093,3685,617893,539392,0,1425977639,1126903544,TCP
31.268339111,1434,11472,2071056,66234.9219332669,665073,3685,65536,1348,1126903573,1425977639,TCP
31.270897074,1434,11472,2082528,66596.3625882516,667769,3685,65536,1348,1126903576,1425977639,TCP
31.274732814,1434,11472,2094000,66955.0084553442,671813,3685,65536,1348,1126903580,1425977639,TCP
31.280317018,106,848,2094848,66970.1652574217,3685,638113,525312,0,1425977643,1126903582,TCP
31.281172981,106,848,2095696,66995.4416758257,3685,639461,543488,0,1425977643,1126903583,TCP
31.294778407,106,848,2096544,66993.4125346306,3685,640809,543488,0,1425977643,1126903585,TCP
31.294855129,98,784,2097328,67018.3003357785,3685,643505,541952,0,1425977643,1126903585,TCP
31.297749185,1434,11472,2108800,67378.6471843374,674509,3685,65536,1348,1126903603,1425977643,TCP
31.300262203,98,784,2109584,67398.2852385756,3685,644853,544768,0,1425977647,1126903587,TCP
31.300312814,1434,11472,2121056,67764.69016793,677205,3685,65536,1348,1126903605,1425977643,TCP
31.300456240,98,784,2121840,67789.4272125153,3685,646201,544768,0,1425977647,1126903588,TCP
31.300606611,98,784,2122624,67814.1489837467,3685,647549,544768,0,1425977647,1126903588,TCP
31.300752611,98,784,2123408,67838.8799908208,3685,648897,544768,0,1425977647,1126903591,TCP
31.300895611,98,784,2124192,67863.6172714975,3685,650245,544768,0,1425977647,1126903591,TCP
31.300973277,98,784,2124976,67888.4960283786,3685,651593,544768,0,1425977648,1126903594,TCP
31.301116648,98,784,2125760,67913.2321030415,3685,652941,543488,0,1425977648,1126903594,TCP
31.301193000,98,784,2126544,67938.1134131213,3685,654289,544768,0,1425977648,1126903596,TCP
31.302404018,98,784,2127328,67960.5310434531,3685,655637,544768,0,1425977648,1126903596,TCP
31.302558888,98,784,2128112,67985.240683177,3685,656985,543488,0,1425977648,1126903599,TCP
31.302701759,98,784,2128896,68009.9761480783,3685,658333,544768,0,1425977648,1126903599,TCP
31.302777870,86,688,2129584,68031.7896655732,3685,674509,546048,0,1425977648,1126903601,TCP
31.302866962,1434,11472,2141056,68398.0800416501,679901,3685,65536,1348,1126903608,1425977643,TCP
31.305426592,1434,11472,2152528,68758.9416382549,682597,3685,65536,1348,1126903610,1425977643,TCP
31.307327777,86,688,2153216,68776.7418330051,3685,679901,556032,0,1425977649,1126903603,TCP
31.307479018,86,688,2153904,68798.3851641849,3685,682597,559104,0,1425977649,1126903608,TCP
31.307979759,1434,11472,2165376,69163.708954345,685293,3685,65536,1348,1126903613,1425977648,TCP
31.308457851,86,688,2166064,69184.6276909744,3685,685293,560384,0,1425977650,1126903610,TCP
31.310612722,86,688,2166752,69201.8396202627,3685,687989,560384,0,1425977650,1126903613,TCP
31.313110407,1434,11472,2178224,69562.6838627012,690685,3685,65536,1348,1126903618,1425977648,TCP
31.314372574,1434,11472,2189696,69926.2293959574,692033,3685,65536,1348,1126903619,1425977648,TCP
31.316307351,86,688,2190384,69943.8786140939,3685,690685,560384,0,1425977651,1126903615,TCP
31.316935851,1434,11472,2201856,70308.7942727223,694729,3685,65536,1348,1126903622,1425977650,TCP
31.319494203,1434,11472,2213328,70669.3404961818,697425,3685,65536,1348,1126903624,1425977650,TCP
31.319968851,86,688,2214016,70690.236332381,3685,694729,560384,0,1425977652,1126903618,TCP
31.322045703,1434,11472,2225488,71051.8087197237,700121,3685,65536,1348,1126903627,1425977650,TCP
31.324610722,1434,11472,2236960,71412.2202460103,702817,3685,65536,1348,1126903629,1425977651,TCP
31.327161870,1434,11472,2248432,71772.6045318257,705513,3685,65536,1348,1126903632,1425977652,TCP
31.329736592,1434,11472,2259904,72132.8758498743,708209,3685,65536,1348,1126903635,1425977652,TCP
31.332277629,1434,11472,2271376,72493.1658941289,710905,3685,65536,1348,1126903637,1425977652,TCP
31.333632851,86,688,2272064,72511.9877035735,3685,697425,560384,0,1425977654,1126903622,TCP
31.334836888,1434,11472,2283536,72875.3115314445,713601,3685,65536,1348,1126903640,1425977652,TCP
31.337391981,1434,11472,2295008,73235.4498865596,716297,3685,65536,1348,1126903642,1425977652,TCP
31.339948833,1434,11472,2306480,73595.5253880743,718993,3685,65536,1348,1126903645,1425977654,TCP
31.342507018,1434,11472,2317952,73955.5389959329,721689,3685,65536,1348,1126903647,1425977654,TCP
31.345064592,1434,11472,2329424,74315.4952883563,724385,3685,65536,1348,1126903650,1425977654,TCP
31.347622148,1434,11472,2340896,74675.3928877936,727081,3685,65536,1348,1126903652,1425977654,TCP
31.350185240,1434,11472,2352368,75035.2185159848,729777,3685,65536,1348,1126903655,1425977654,TCP
31.352736240,1434,11472,2363840,75395.0143906164,732473,3685,65536,1348,1126903658,1425977654,TCP
31.357692703,86,688,2364528,75405.0376854986,3685,700121,560384,0,1425977661,1126903624,TCP
31.358084203,86,688,2365216,75426.0363831066,3685,706861,560384,0,1425977662,1126903627,TCP
31.358238555,98,784,2366000,75450.6665242122,3685,709557,557824,0,1425977662,1126903632,TCP
31.358517870,1434,11472,2377472,75815.8280903472,735169,3685,65536,1348,1126903663,1425977661,TCP
31.359797296,1434,11472,2388944,76178.5536255591,737865,3685,65536,1348,1126903665,1425977662,TCP
31.362360962,1434,11472,2400416,76538.1153194572,740561,3685,65536,1348,1126903667,1425977662,TCP
31.367366314,98,784,2401200,76550.8961116792,3685,712253,555264,0,1425977665,1126903670,TCP
31.368503944,98,784,2401984,76573.1130910194,3685,713601,553984,0,1425977665,1126903671,TCP
31.369178592,98,784,2402768,76596.4589398835,3685,714949,552704,0,1425977665,1126903672,TCP
31.374328499,98,784,2403552,76608.8746752495,3685,716297,551424,0,1425977666,1126903674,TCP
31.374485407,98,784,2404336,76633.4800016693,3685,717645,550144,0,1425977666,1126903675,TCP
31.375633796,98,784,2405120,76655.6626596854,3685,718993,549120,0,1425977667,1126903676,TCP
31.375711685,98,784,2405904,76680.4598459581,3685,720341,549120,0,1425977667,1126903677,TCP
31.376404555,66,528,2406432,76695.5944802962,2636,2241,100608,0,1425977667,7485904,TCP
31.385372962,1434,11472,2417904,77039.1992131968,743257,3685,65536,1348,1126903690,1425977667,TCP
31.386678555,1434,11472,2429376,77401.4999944297,744605,3685,65536,1348,1126903691,1425977667,TCP
31.387928851,1434,11472,2440848,77763.9076342635,745953,3685,65536,1348,1126903693,1425977667,TCP
31.390484518,1434,11472,2452320,78123.037527305,748649,3685,65536,1348,1126903695,1425977667,TCP
31.393602462,98,784,2453104,78140.2517589158,3685,721689,549120,0,1425977667,1126903679,TCP
31.393917036,98,784,2453888,78164.4417670493,3685,723037,549120,0,1425977667,1126903680,TCP
31.393930388,98,784,2454672,78189.3815034473,3685,724385,547840,0,1425977667,1126903680,TCP
31.394428092,1434,11472,2466144,78553.5571080662,751345,3685,65536,1348,1126903699,1425977667,TCP
31.395711148,1434,11472,2477616,78915.7470687786,754041,3685,65536,1348,1126903700,1425977667,TCP
31.398475277,98,784,2478400,78933.769176221,3685,725733,549120,0,1425977672,1126903682,TCP
31.398624925,98,784,2479184,78958.3622187875,3685,727081,549120,0,1425977672,1126903682,TCP
31.398779185,98,784,2479968,78982.9434255439,3685,728429,549120,0,1425977672,1126903685,TCP
31.398924759,98,784,2480752,79007.5462469119,3685,729777,549120,0,1425977672,1126903685,TCP
31.399074314,98,784,2481536,79032.1388198871,3685,731125,549120,0,1425977672,1126903688,TCP
31.399218833,86,688,2482224,79053.6864372953,3685,743257,549888,0,1425977672,1126903688,TCP
31.399299796,86,688,2482912,79075.3939142395,3685,745953,558848,0,1425977672,1126903690,TCP
31.399444611,98,784,2483696,79099.9978111046,3685,747301,557568,0,1425977673,1126903693,TCP
31.400816574,1434,11472,2495168,79461.8825953083,759433,3685,65536,1348,1126903706,1425977672,TCP
31.403375407,1434,11472,2506640,79820.7188721902,762129,3685,65536,1348,1126903708,1425977672,TCP
31.409735574,86,688,2507328,79826.4599869949,764825,3755,65536,0,1126903715,1425977673,TCP
31.409753499,1434,11472,2518800,80191.6512996573,764825,3755,65536,1348,1126903715,1425977674,TCP
31.410241555,98,784,2519584,80215.3652842228,3755,748649,556288,0,1425977675,1126903711,TCP
31.410772629,98,784,2520368,80238.9686420216,3755,749997,555008,0,1425977675,1126903712,TCP
31.411050129,1434,11472,2531840,80603.4815646771,766173,3755,65536,1348,1126903716,1425977675,TCP
31.412327499,1434,11472,2543312,80965.4107955218,767521,3755,65536,1348,1126903717,1425977675,TCP
31.417448370,1434,11472,2554784,81317.3612927624,772913,3755,65536,1348,1126903722,1425977675,TCP
31.420006981,1434,11472,2566256,81675.8570916881,775609,3755,65536,1348,1126903725,1425977675,TCP
31.424168036,86,688,2566944,81686.93589785,3755,775609,537600,0,1425977678,1126903713,TCP
31.425032555,1434,11472,2578416,82049.7479354162,778305,3755,65536,1348,1126903730,1425977678,TCP
31.425170777,86,688,2579104,82071.2803218126,3755,778305,558848,0,1425977679,1126903725,TCP
31.426266592,1434,11472,2590576,82433.4634983166,781001,3755,65536,1348,1126903731,1425977678,TCP
31.428158481,86,688,2591264,82450.3924264782,3755,781001,558848,0,1425977680,1126903730,TCP
31.428824536,1434,11472,2602736,82813.6603396894,783697,3755,65536,1348,1126903734,1425977678,TCP
31.431876925,86,688,2603424,82827.5068082018,3755,783697,558848,0,1425977680,1126903731,TCP
31.432113574,86,688,2604112,82848.7716509802,3755,786393,558848,0,1425977681,1126903734,TCP
31.433977555,1434,11472,2615584,83208.8142655035,789089,3755,65536,1348,1126903739,1425977679,TCP
31.434467740,86,688,2616272,83229.4035209899,3755,789089,558848,0,1425977681,1126903736,TCP
31.436395370,86,688,2616960,83246.1854865646,3755,791785,558848,0,1425977682,1126903739,TCP
31.436482814,1434,11472,2628432,83610.8802486469,791785,3755,65536,1348,1126903741,1425977680,TCP
31.439057036,1434,11472,2639904,83968.9306513589,794481,3755,65536,1348,1126903744,1425977681,TCP
31.441641055,1434,11472,2651376,84326.896149028,797177,3755,65536,1348,1126903746,1425977681,TCP
31.444171240,1434,11472,2662848,84684.9477976574,799873,3755,65536,1348,1126903749,1425977682,TCP
31.446746425,1434,11472,2674320,85042.8201333391,802569,3755,65536,1348,1126903752,1425977682,TCP
31.450627277,66,528,2674848,85049.1144879686,1,1,87808,0,1425977685,3408768989,TCP
31.453409036,86,688,2675536,85063.4663141828,3755,794481,558848,0,1425977686,1126903741,TCP
31.453808555,86,688,2676224,85084.2592025181,3755,797177,560384,0,1425977686,1126903744,TCP
31.454422518,1434,11472,2687696,85447.3166201652,810657,3755,65536,1348,1126903759,1425977682,TCP
31.455750388,86,688,2688384,85465.5815499346,3755,799873,560384,0,1425977686,1126903746,TCP
31.455901111,98,784,2689168,85490.0958173349,3755,802569,557824,0,1425977686,1126903749,TCP
31.456973685,1434,11472,2700640,85851.8695105047,813353,3755,65536,1348,1126903762,1425977682,TCP
31.459320055,66,528,2701168,85862.2498921647,518,1449,90624,0,1425977688,3408769010,TCP
31.459462111,66,528,2701696,85878.6456827351,518,2897,93440,0,1425977688,3408769010,TCP
31.459549814,1434,11472,2713168,86243.0650165438,816049,3755,65536,1348,1126903764,1425977686,TCP
31.459620388,66,528,2713696,86259.6549650394,518,4097,96512,0,1425977688,3408769010,TCP
31.460316962,66,528,2714224,86274.5281072162,518,4624,99328,0,1425977688,3408769010,TCP
31.462421203,66,528,2714752,86285.5398980274,2795,2381,101632,0,1425977689,7485948,TCP
31.464330222,98,784,2715536,86305.2218445535,3755,803917,556544,0,1425977689,1126903767,TCP
31.465918907,1434,11472,2727008,86665.4493091362,820093,3755,65536,1348,1126903771,1425977688,TCP
31.467196666,1434,11472,2738480,87026.5002970189,821441,3755,65536,1348,1126903772,1425977688,TCP
31.469754999,1434,11472,2749952,87383.9659726421,824137,3755,65536,1348,1126903775,1425977688,TCP
31.472313351,1434,11472,2761424,87741.3734796924,826833,3755,65536,1348,1126903777,1425977689,TCP
31.473591685,1434,11472,2772896,88102.3058236323,828181,3755,65536,1348,1126903778,1425977689,TCP
31.520306851,86,688,2773584,87993.5596157436,3755,830877,549120,0,1425977696,1126903768,TCP
31.521135407,1434,11472,2785056,88355.1929218106,830877,3755,65536,1348,1126903826,1425977696,TCP
31.522408333,1434,11472,2796528,88715.5565798691,833573,3755,65536,1348,1126903827,1425977696,TCP
31.524984629,1434,11472,2808000,89072.2083783954,836269,3755,65536,1348,1126903830,1425977696,TCP
31.526893833,86,688,2808688,89088.636986498,3755,833573,558848,0,1425977704,1126903826,TCP
31.527043314,86,688,2809376,89110.037120178,3755,836269,558848,0,1425977704,1126903827,TCP
31.527123888,66,528,2809904,89126.5568651988,1584,4782,99328,0,1425977704,3408769075,TCP
31.527508055,1434,11472,2821376,89489.3435623928,838965,3755,65536,1348,1126903832,1425977696,TCP
31.528867573,86,688,2822064,89507.3060732666,3755,838965,560384,0,1425977705,1126903830,TCP
31.530096240,1434,11472,2833536,89867.6609938568,841661,3755,65536,1348,1126903835,1425977696,TCP
31.532074092,86,688,2834224,89883.8430903938,3755,841661,560384,0,1425977706,1126903832,TCP
31.532658629,1434,11472,2845696,90245.9901488569,844357,3755,65536,1348,1126903837,1425977696,TCP
31.535221833,1434,11472,2857168,90602.4386043836,847053,3755,65536,1348,1126903840,1425977705,TCP
31.538948740,86,688,2857856,90613.5465566567,3755,844357,560384,0,1425977706,1126903835,TCP
31.539057592,86,688,2858544,90635.0480404044,3755,847053,560384,0,1425977707,1126903837,TCP
31.540326370,1434,11472,2870016,90995.1268839708,852445,3755,65536,1348,1126903845,1425977706,TCP
31.542869314,1434,11472,2881488,91351.4864901995,855141,3755,65536,1348,1126903848,1425977706,TCP
31.545430222,1434,11472,2892960,91707.7364182667,857837,3755,65536,1348,1126903850,1425977707,TCP
31.547972629,1434,11472,2904432,92063.9824991526,860533,3755,65536,1348,1126903853,1425977707,TCP
31.549917555,86,688,2905120,92080.1138366081,3755,849749,560384,0,1425977710,1126903840,TCP
31.549990499,86,688,2905808,92101.7076088217,3755,852445,560384,0,1425977710,1126903843,TCP
31.550063370,86,688,2906496,92123.3014943387,3755,855141,560384,0,1425977710,1126903845,TCP
31.550137203,86,688,2907184,92144.8924705014,3755,857837,560384,0,1425977710,1126903848,TCP
31.550542555,1434,11472,2918656,92507.3156796622,863229,3755,65536,1348,1126903855,1425977707,TCP
31.553124444,1434,11472,2930128,92863.3234150978,865925,3755,65536,1348,1126903858,1425977707,TCP
31.554730925,86,688,2930816,92880.3990427309,3755,860533,560384,0,1425977711,1126903850,TCP
31.557124833,86,688,2931504,92895.1549139375,3755,865925,560384,0,1425977712,1126903853,TCP
31.557277925,86,688,2932192,92916.5058839593,3755,868621,560384,0,1425977712,1126903858,TCP
31.558212722,1434,11472,2943664,93277.2722565464,871317,3755,65536,1348,1126903863,1425977710,TCP
31.559580999,86,688,2944352,93295.0282227541,3755,871317,560384,0,1425977713,1126903860,TCP
31.561057166,86,688,2945040,93312.4636640063,3755,874013,560384,0,1425977713,1126903863,TCP
31.574784740,86,688,2945728,93293.6843198254,3755,874668,560384,0,1425977714,1126903866,TCP
31.618468962,66,528,2946256,93181.488437688,1615,5007,102144,0,1425977728,3408769128,TCP
32.008637055,86,688,2946944,92067.1503424625,3859,875030,560384,0,1425977825,1126904302,TCP
32.009516999,86,688,2947632,92086.1130173281,3859,875061,560384,0,1425977825,1126904302,TCP
32.055688851,86,688,2948320,91974.9381678948,875061,3894,65536,0,1126904361,1425977826,TCP
32.243407073,86,688,2949008,91460.8060284498,875061,3993,57344,0,1126904548,1425977881,TCP
32.253705110,86,688,2949696,91452.9350950589,3993,878854,560384,0,1425977886,1126904555,TCP
32.295100036,86,688,2950384,91357.0169069347,3993,878885,560384,0,1425977897,1126904557,TCP
32.629460017,1434,11472,2961856,90772.4491443275,4114,878885,560384,1348,1425977979,1126904557,TCP
32.629785962,1434,11472,2973328,91123.1230098377,5462,878885,560384,1348,1425977979,1126904557,TCP
32.630273869,86,688,2974016,91142.8451976748,878885,5462,65536,0,1126904935,1425977979,TCP
32.631082665,1434,11472,2985488,91492.1527627468,6810,878885,560384,1348,1425977979,1126904557,TCP
32.631829906,1434,11472,2996960,91841.6162572896,8158,878885,560384,1348,1425977979,1126904557,TCP
32.631965591,86,688,2997648,91862.3179973799,878885,8158,65536,0,1126904937,1425977979,TCP
32.637622054,1434,11472,3009120,92197.893431737,9506,878885,560384,1348,1425977979,1126904557,TCP
32.638468073,86,688,3009808,92216.5829985706,878885,10854,65536,0,1126904943,1425977979,TCP
32.640507573,1434,11472,3021280,92562.2860870945,10854,878885,560384,1348,1425977979,1126904557,TCP
32.640552851,1434,11472,3032752,92913.6223226405,12202,878885,560384,1348,1425977979,1126904557,TCP
32.640565258,1434,11472,3044224,93265.0515068479,13550,878885,560384,1348,1425977979,1126904557,TCP
32.640576221,1434,11472,3055696,93616.4845654304,14898,878885,560384,1348,1425977979,1126904557,TCP
32.641430258,86,688,3056384,93635.112672519,878885,16246,57344,0,1126904946,1425977979,TCP
32.644245776,1434,11472,3067856,93978.4616575667,16246,878885,560384,1348,1425977983,1126904935,TCP
32.644290443,1434,11472,3079328,94329.7574617771,17594,878885,560384,1348,1425977983,1126904935,TCP
32.645255888,86,688,3080016,94348.0428080264,878885,19847,57344,0,1126904950,1425977983,TCP
32.681018351,86,688,3080704,94265.8508040566,19847,880007,560384,0,1425977991,1126904968,TCP
32.684981165,86,688,3081392,94275.4711849013,19847,880038,560384,0,1425977993,1126904968,TCP
32.759703480,86,688,3082080,94081.4376382139,20172,882734,560384,0,1425978009,1126905025,TCP
32.761309017,86,688,3082768,94097.8273609378,20172,884771,560384,0,1425978013,1126905026,TCP
32.806840091,86,688,3083456,93988.2046380289,20172,885685,560384,0,1425978024,1126905040,TCP
38.035003033,66,528,3083984,81082.7856993798,2954,2551,102656,0,1425979332,7492564,TCP
38.217015792,86,688,3084672,80714.6224286229,1,1,86528,0,1425979376,2705449983,TCP
38.384944755,86,688,3085360,80379.4305213401,1,611,66816,0,2705450162,1425979377,TCP
38.394146014,1294,10352,3095712,80629.7918143871,2417,611,66816,1208,2705450172,1425979377,TCP
38.402037477,86,688,3096400,80631.1384351551,611,1209,88832,0,1425979423,2705450172,TCP
38.402194273,86,688,3097088,80648.7248614727,611,2417,91392,0,1425979423,2705450172,TCP
38.402272180,86,688,3097776,80666.4768553286,611,3625,93696,0,1425979423,2705450172,TCP
38.402418069,86,688,3098464,80684.0859456506,611,4833,96256,0,1425979423,2705450172,TCP
38.402494662,86,688,3099152,80701.8405256539,611,4856,96256,0,1425979423,2705450172,TCP
38.608490903,86,688,3099840,80289.0744367098,2037,5867,98560,0,1425979475,2705450368,TCP
38.723754143,86,688,3100528,80067.8567617772,2068,6629,105728,0,1425979504,2705450495,TCP
38.781632421,86,688,3101216,79966.1026728909,6629,2068,69632,0,2705450559,1425979475,TCP
38.902473217,86,688,3101904,79735.3932408724,6629,2107,69632,0,2705450680,1425979506,TCP
